"","SampleID","Project","PeakAreaN_Vs","PercentN","PercentN_Accuracy","PercentN_Precision","d15NvsAirN2_permil","d15N_Accuracy","d15N_Precision","PeakAreaC_Vs","PercentC","PercentC_Accuracy","PercentC_Precision","d13CvsVPDB_permil","d13C_Accuracy","d13C_Precision","PeakAreaS_Vs","PercentS","PercentS_Accuracy","PercentS_Precision","d34SvsVCDT_permil","d34S_Accuracy","d34S_Precision"
"1","16DK-TW_Dfp01","2016_Juvenile_Chinook",226.571,14.194,-0.097837,0.17252,6.7462,0.0058048,0.12101,135.758,48.292,1.3875,0.63868,-25.0778,0.013954,0.032888,57.626,0.93788,-0.041718,0.1494,1.1374,-0.18225,0.18161
"2","16DK-TW_Dp01r1","2016_Juvenile_Chinook",179.895,13.6458,-0.097837,0.17252,10.6379,0.0058048,0.12101,108.894,46.9136,1.3875,0.63868,-20.2029,0.013954,0.032888,64.933,1.0846,-0.041718,0.1494,13.8456,-0.18225,0.18161
"3","16DK-TW_Dp01r2","2016_Juvenile_Chinook",158.319,12.4603,-0.097837,0.17252,10.177,0.0058048,0.12101,105.524,47.2718,1.3875,0.63868,-19.726,0.013954,0.032888,59.511,0.97348,-0.041718,0.1494,10.8567,-0.18225,0.18161
"4","16DK-TW_Dp01r3","2016_Juvenile_Chinook",170.287,12.9524,-0.097837,0.17252,11.0174,0.0058048,0.12101,115.269,49.9098,1.3875,0.63868,-19.5184,0.013954,0.032888,61.432,1.0128,-0.041718,0.1494,11.213,-0.18225,0.18161
"5","16DK-TW_Dp01r4","2016_Juvenile_Chinook",217.308,13.2854,-0.097837,0.17252,11.0994,0.0058048,0.12101,131.96,45.8195,1.3875,0.63868,-18.8733,0.013954,0.032888,60.568,1.0277,-0.041718,0.1494,12.5716,-0.18225,0.18161
"6","16DK-TW_Dp01r5","2016_Juvenile_Chinook",165.534,13.2289,-0.097837,0.17252,11.2571,0.0058048,0.12101,101.694,46.1746,1.3875,0.63868,-18.8399,0.013954,0.032888,63,1.0504,-0.041718,0.1494,12.2189,-0.18225,0.18161
"7","16DN-TW_Dp01","2016_Juvenile_Chinook",230.339,11.733,-0.14002,0.087286,10.9097,-0.10673,0.052582,166.306,46.4354,0.36017,1.8832,-20.9869,0.061567,0.035394,60.388,0.95473,-0.06232,0.54672,9.0674,0.10584,0.83967
"8","16DN-TW_Dp02r1","2016_Juvenile_Chinook",185.562,12.5078,-0.14002,0.087286,10.7971,-0.10673,0.052582,127.71,47.1796,0.36017,1.8832,-19.6022,0.061567,0.035394,53.771,0.93928,-0.06232,0.54672,10.0852,0.10584,0.83967
"9","16DN-TW_Dp02r2","2016_Juvenile_Chinook",185.195,11.0145,-0.14002,0.087286,11.0388,-0.10673,0.052582,138.151,45.0294,0.36017,1.8832,-19.9557,0.061567,0.035394,59.34,0.98525,-0.06232,0.54672,12.1132,0.10584,0.83967
"10","16DN-TW_Dp02r3","2016_Juvenile_Chinook",143.372,11.4821,-0.14002,0.087286,10.2574,-0.10673,0.052582,104.077,45.6675,0.36017,1.8832,-22.1176,0.061567,0.035394,53.017,0.92076,-0.06232,0.54672,9.4279,0.10584,0.83967
"11","16DN-TW_Dp02r4","2016_Juvenile_Chinook",142.885,10.5024,-0.14002,0.087286,11.219,-0.10673,0.052582,114.901,46.2669,0.36017,1.8832,-19.8247,0.061567,0.035394,53.686,0.89738,-0.06232,0.54672,12.1252,0.10584,0.83967
"12","16DN-TW_Dp02r5","2016_Juvenile_Chinook",188.043,12.3123,-0.097837,0.17252,11.183,0.0058048,0.12101,130.756,48.7458,1.3875,0.63868,-19.2065,0.013954,0.032888,58.469,0.95425,-0.06232,0.54672,12.2529,0.10584,0.83967
"13","16DU-TW_Dfp01","2016_Juvenile_Chinook",204.087,12.4636,-0.17912,0.094443,11.5682,-0.050213,0.081003,133.9,45.1866,-0.25449,0.36234,-20.1196,0.038265,0.040037,57.073,1.0264,0.60833,0.17219,13.0238,-0.091715,0.090516
"14","16DU-TW_Dfp02","2016_Juvenile_Chinook",153.84,11.7893,-0.17912,0.094443,11.8421,-0.050213,0.081003,106.267,45.009,-0.25449,0.36234,-21.5209,0.038265,0.040037,52.177,0.9345,0.60833,0.17219,13.0338,-0.091715,0.090516
"15","16DU-TW_Dfp03r1","2016_Juvenile_Chinook",166.465,12.0823,-0.17912,0.094443,11.7079,-0.050213,0.081003,109.032,43.7496,-0.25449,0.36234,-20.6531,0.038265,0.040037,63.068,1.1286,0.60833,0.17219,13.3229,-0.091715,0.090516
"16","16DU-TW_Dfp03r2","2016_Juvenile_Chinook",187.425,12.3676,-0.17912,0.094443,12.3832,-0.050213,0.081003,119.867,43.723,-0.25449,0.36234,-19.733,0.038265,0.040037,59.221,1.0183,0.60833,0.17219,14.3658,-0.091715,0.090516
"17","16DU-TW_Dfp04r1","2016_Juvenile_Chinook",169.931,12.1505,-0.17912,0.094443,11.7466,-0.050213,0.081003,111.638,44.1259,-0.25449,0.36234,-20.4679,0.038265,0.040037,60.5,1.0336,0.60833,0.17219,13.2828,-0.091715,0.090516
"18","16DU-TW_Dfp04r2","2016_Juvenile_Chinook",137.822,9.9964,-0.17912,0.094443,11.437,-0.050213,0.081003,107.755,43.1605,-0.25449,0.36234,-21.6839,0.038265,0.040037,48.618,0.88216,0.60833,0.17219,13.195,-0.091715,0.090516
"19","16DU-TW_Dfp05","2016_Juvenile_Chinook",200.875,12.1344,-0.17912,0.094443,11.6987,-0.050213,0.081003,135.693,45.2877,-0.25449,0.36234,-21.2531,0.038265,0.040037,56.188,0.9851,0.60833,0.17219,13.0181,-0.091715,0.090516
"20","16DU-TW_Dfp06","2016_Juvenile_Chinook",160.178,11.4359,-0.17912,0.094443,11.6674,-0.050213,0.081003,115.695,45.6328,-0.25449,0.36234,-20.8424,0.038265,0.040037,52.423,0.93448,0.60833,0.17219,13.0483,-0.091715,0.090516
"21","16DU-TW_Tp01r1","2016_Juvenile_Chinook",150.364,11.5246,-0.17912,0.094443,6.9231,-0.050213,0.081003,103.399,43.8042,-0.25449,0.36234,-19.6837,0.038265,0.040037,57.215,1.0013,0.60833,0.17219,5.5302,-0.091715,0.090516
"22","16DU-TW_Tp01r2","2016_Juvenile_Chinook",176.108,11.2787,-0.17912,0.094443,6.3759,-0.050213,0.081003,136.035,48.1026,-0.25449,0.36234,-19.3666,0.038265,0.040037,55.086,0.90157,0.60833,0.17219,5.3864,-0.091715,0.090516
"23","16DU-TW_Tp01r3","2016_Juvenile_Chinook",164.124,12.0946,-0.17912,0.094443,6.917,-0.050213,0.081003,117.404,47.7982,-0.25449,0.36234,-18.6015,0.038265,0.040037,52.27,0.90101,0.30153,0.52416,5.1868,-0.15502,0.039959
"24","16DU-TW_Tp01r4","2016_Juvenile_Chinook",162.57,11.6701,-0.17912,0.094443,6.67,-0.050213,0.081003,123.178,48.8318,-0.25449,0.36234,-19.133,0.038265,0.040037,56.483,0.8686,0.30153,0.52416,5.6396,-0.15502,0.039959
"25","16DU-TW_Tp01r5","2016_Juvenile_Chinook",153.009,12.5441,-0.17912,0.094443,7.663,-0.050213,0.081003,102.592,46.4977,-0.25449,0.36234,-19.3605,0.038265,0.040037,57.311,0.92798,0.30153,0.52416,6.42,-0.15502,0.039959
"26","16EL-TW_Dfp01r1","2016_Juvenile_Chinook",138.728,11.5763,-0.17912,0.094443,9.0965,-0.050213,0.081003,106.455,49.0635,-0.25449,0.36234,-28.1871,0.038265,0.040037,46.916,0.79736,0.60833,0.17219,2.5832,-0.091715,0.090516
"27","16EL-TW_Dfp01r2","2016_Juvenile_Chinook",137.669,11.8979,-0.17912,0.094443,8.7525,-0.050213,0.081003,102.138,48.7682,-0.25449,0.36234,-28.3209,0.038265,0.040037,46.916,0.83116,0.60833,0.17219,2.721,-0.091715,0.090516
"28","16EL-TW_Dfp01r3","2016_Juvenile_Chinook",154.273,11.5708,-0.17912,0.094443,9.0447,-0.050213,0.081003,118.985,49.2803,-0.25449,0.36234,-28.6864,0.038265,0.040037,49.031,0.81479,0.60833,0.17219,3.3824,-0.091715,0.090516
"29","16EL-TW_Dfp02r1","2016_Juvenile_Chinook",166.027,11.3895,-0.17912,0.094443,9.5498,-0.050213,0.081003,107.767,40.8733,-0.25449,0.36234,-24.5771,0.038265,0.040037,59.84,0.95832,0.60833,0.17219,6.1556,-0.091715,0.090516
"30","16EL-TW_Dfp02r2","2016_Juvenile_Chinook",160.921,11.0217,-0.17912,0.094443,8.97,-0.050213,0.081003,102.571,38.8497,-0.25449,0.36234,-24.8368,0.038265,0.040037,58.454,0.94028,0.60833,0.17219,4.7123,-0.091715,0.090516
"31","16EL-TW_Dfp02r3","2016_Juvenile_Chinook",187.42,12.1195,-0.17912,0.094443,8.2335,-0.050213,0.081003,118.208,42.2584,-0.25449,0.36234,-23.8694,0.038265,0.040037,57.813,0.96804,0.60833,0.17219,4.29,-0.091715,0.090516
"32","16EL-TW_Dfp02r4","2016_Juvenile_Chinook",183.837,12.7854,-0.17912,0.094443,7.6943,-0.050213,0.081003,116.388,44.7503,-0.25449,0.36234,-23.6993,0.038265,0.040037,56.494,0.93626,0.60833,0.17219,2.3382,-0.091715,0.090516
"33","16EL-TW_Dfp02r5","2016_Juvenile_Chinook",178.535,12.7388,-0.17912,0.094443,6.8456,-0.050213,0.081003,115.971,45.7408,-0.25449,0.36234,-23.5604,0.038265,0.040037,52.036,0.88983,0.60833,0.17219,0.96738,-0.091715,0.090516
"34","16LKW-TW_Dp01r1","2016_Juvenile_Chinook",180.656,11.6433,-0.097837,0.17252,11.0792,0.0058048,0.12101,120.537,44.2048,1.3875,0.63868,-26.0641,0.013954,0.032888,54.86,0.89075,-0.041718,0.1494,5.4714,-0.18225,0.18161
"35","16LKW-TW_Dp01r2","2016_Juvenile_Chinook",186.501,12.8565,-0.097837,0.17252,10.6221,0.0058048,0.12101,129.719,50.9156,1.3875,0.63868,-25.0768,0.013954,0.032888,52.826,0.89539,-0.041718,0.1494,5.5894,-0.18225,0.18161
"36","16LKW-TW_Dp01r3","2016_Juvenile_Chinook",177.648,11.2777,-0.097837,0.17252,10.2929,0.0058048,0.12101,136.001,49.2466,1.3875,0.63868,-23.3046,0.013954,0.032888,48.99,0.81813,-0.041718,0.1494,7.0935,-0.18225,0.18161
"37","16LKW-TW_Dp01r4","2016_Juvenile_Chinook",179.006,11.7484,-0.097837,0.17252,10.6629,0.0058048,0.12101,129.768,48.5342,1.3875,0.63868,-24.0621,0.013954,0.032888,53.477,0.89644,0.60833,0.17219,7.1497,-0.091715,0.090516
"38","16LKW-TW_Dp01r5","2016_Juvenile_Chinook",190.723,11.2459,-0.097837,0.17252,10.7814,0.0058048,0.12101,140.379,47.1699,1.3875,0.63868,-23.6034,0.013954,0.032888,48.013,0.8456,0.60833,0.17219,7.1033,-0.091715,0.090516
"39","16LKW-TW_Dp01r6","2016_Juvenile_Chinook",159.081,12.3714,-0.097837,0.17252,10.1301,0.0058048,0.12101,116.453,51.6426,1.3875,0.63868,-24.218,0.013954,0.032888,48.781,0.85958,0.60833,0.17219,6.4677,-0.091715,0.090516
"40","16LKW-TW_Dp01r7","2016_Juvenile_Chinook",171.812,12.627,-0.097837,0.17252,10.7118,0.0058048,0.12101,119.688,50.0983,1.3875,0.63868,-25.8727,0.013954,0.032888,50.96,0.87482,0.60833,0.17219,5.5576,-0.091715,0.090516
"41","16LKW-TW_Dp01r8","2016_Juvenile_Chinook",223.043,13.289,-0.097837,0.17252,9.9633,0.0058048,0.12101,146.419,49.6057,1.3875,0.63868,-27.6357,0.013954,0.032888,51.566,0.87661,0.60833,0.17219,4.5378,-0.091715,0.090516
"42","16LKW-TW_Tp01","2016_Juvenile_Chinook",174.717,12.2423,-0.17912,0.094443,12.4409,-0.050213,0.081003,120.15,46.52,-0.25449,0.36234,-29.1545,0.038265,0.040037,55.977,0.93859,0.60833,0.17219,4.4044,-0.091715,0.090516
"43","16NK-TW_Df01","2016_Juvenile_Chinook",159.698,12.6948,0.15292,0.47969,12.5669,-0.10138,0.068495,102.177,44.2533,0.90974,2.0745,-21.4579,0.023428,0.0425,52.824,0.86668,-0.24246,0.1496,9.2803,-0.063085,0.33819
"44","16NK-TW_Tp02r1","2016_Juvenile_Chinook",162.717,12.9142,0.15292,0.47969,11.1285,-0.10138,0.068495,106.587,46.1183,0.90974,2.0745,-21.4037,0.023428,0.0425,52.491,0.8564,-0.24246,0.1496,6.149,-0.063085,0.33819
"45","16NK-TW_Tp02r2","2016_Juvenile_Chinook",208.622,13.1986,0.15292,0.47969,10.1787,-0.10138,0.068495,140.021,48.3671,0.90974,2.0745,-22.5491,0.023428,0.0425,53.226,0.85608,-0.24246,0.1496,5.8648,-0.063085,0.33819
"46","16NK-TW_Tp02r3","2016_Juvenile_Chinook",188.019,13.1298,0.15292,0.47969,10.431,-0.10138,0.068495,128.103,48.8378,0.90974,2.0745,-24.5137,0.023428,0.0425,49.33,0.81183,-0.24246,0.1496,1.5498,-0.063085,0.33819
"47","16NK-TW_Tp02r4","2016_Juvenile_Chinook",210.735,13.1352,0.15292,0.47969,10.0418,-0.10138,0.068495,146.762,49.9776,0.90974,2.0745,-23.3211,0.023428,0.0425,52.503,0.89367,-0.041718,0.1494,7.8668,-0.18225,0.18161
"48","16NK-TW_Tp02r5","2016_Juvenile_Chinook",208.61,12.3391,0.15292,0.47969,12.1112,-0.10138,0.068495,160.667,51.9967,0.90974,2.0745,-21.6868,0.023428,0.0425,49.772,0.8202,0.33637,0.10375,9.6045,-0.12783,0.10791
"49","16NQ-TW_Dp01r1","2016_Juvenile_Chinook",180.81,10.9622,-0.17912,0.094443,12.0811,-0.050213,0.081003,123.211,41.2773,-0.25449,0.36234,-19.0696,0.038265,0.040037,61.514,0.9748,0.30153,0.52416,14.7624,-0.15502,0.039959
"50","16NQ-TW_Dp01r2","2016_Juvenile_Chinook",143.932,10.8208,-0.17912,0.094443,12.1621,-0.050213,0.081003,110.266,45.7841,-0.25449,0.36234,-20.3692,0.038265,0.040037,53.709,0.89586,0.30153,0.52416,14.6827,-0.15502,0.039959
"51","16NQ-TW_Dp02","2016_Juvenile_Chinook",151.088,11.861,-0.17912,0.094443,12.2584,-0.050213,0.081003,103.3,44.8257,-0.25449,0.36234,-18.6327,0.038265,0.040037,55.294,0.94137,0.30153,0.52416,14.8671,-0.15502,0.039959
"52","16NQ-TW_Dp03","2016_Juvenile_Chinook",127.564,10.4931,-0.17912,0.094443,12.374,-0.050213,0.081003,91.635,41.6618,-0.25449,0.36234,-19.9102,0.038265,0.040037,57.273,0.94765,0.30153,0.52416,14.9039,-0.15502,0.039959
"53","16NQ-TW_Dp04r1","2016_Juvenile_Chinook",135.636,10.7645,-0.17912,0.094443,11.6485,-0.050213,0.081003,99.508,43.6357,-0.25449,0.36234,-19.6102,0.038265,0.040037,53.755,0.92054,0.30153,0.52416,14.5693,-0.15502,0.039959
"54","16NQ-TW_Dp04r2","2016_Juvenile_Chinook",168.354,12.1053,-0.17912,0.094443,12.8538,-0.050213,0.081003,118.48,47.0697,-0.25449,0.36234,-18.3539,0.038265,0.040037,53.789,0.91912,0.30153,0.52416,14.0196,-0.15502,0.039959
"55","16NQ-TW_Dp05","2016_Juvenile_Chinook",152.817,11.8047,-0.17912,0.094443,12.5204,-0.050213,0.081003,102.215,43.6519,-0.25449,0.36234,-17.5344,0.038265,0.040037,59.091,0.96558,0.30153,0.52416,14.5202,-0.15502,0.039959
"56","16NQ-TW_Dp06","2016_Juvenile_Chinook",153.762,12.319,-0.17912,0.094443,12.1141,-0.050213,0.081003,98.956,43.8441,-0.25449,0.36234,-19.1854,0.038265,0.040037,60.404,1.0264,0.30153,0.52416,14.7681,-0.15502,0.039959
"57","16NQ-TW_Dp07","2016_Juvenile_Chinook",133.922,10.8629,-0.14002,0.087286,12.5239,-0.10673,0.052582,113.245,50.3148,0.36017,1.8832,-20.6781,0.061567,0.035394,60.298,0.97486,0.30153,0.52416,14.6114,-0.15502,0.039959
"58","16NQ-TW_Dp08r1","2016_Juvenile_Chinook",160.558,11.8664,-0.14002,0.087286,13.0056,-0.10673,0.052582,122.693,49.6863,0.36017,1.8832,-20.8142,0.061567,0.035394,54.95,0.92313,0.30153,0.52416,13.6414,-0.15502,0.039959
"59","16NQ-TW_Dp08r2","2016_Juvenile_Chinook",232.007,12.7295,-0.14002,0.087286,11.8174,-0.10673,0.052582,156.558,47.0879,0.36017,1.8832,-20.8833,0.061567,0.035394,61.886,0.99752,0.30153,0.52416,14.2533,-0.15502,0.039959
"60","16PU-TW_Dfp01","2016_Juvenile_Chinook",180.875,12.6397,-0.097837,0.17252,12.2201,0.0058048,0.12101,123.145,48.984,1.3875,0.63868,-18.6404,0.013954,0.032888,56.511,0.95372,-0.06232,0.54672,13.4467,0.10584,0.83967
"61","16PU-TW_Dfp02","2016_Juvenile_Chinook",173.206,13.0518,-0.097837,0.17252,11.4945,0.0058048,0.12101,112.134,48.0572,1.3875,0.63868,-21.4282,0.013954,0.032888,63.47,1.0441,-0.06232,0.54672,12.4454,0.10584,0.83967
"62","16PU-TW_Dfp03r1","2016_Juvenile_Chinook",157.331,12.3308,-0.097837,0.17252,12.3421,0.0058048,0.12101,104.524,46.6258,1.3875,0.63868,-17.8506,0.013954,0.032888,58.424,1.04,-0.06232,0.54672,13.0961,0.10584,0.83967
"63","16PU-TW_Dfp03r2","2016_Juvenile_Chinook",186.589,12.8855,-0.097837,0.17252,12.3429,0.0058048,0.12101,126.814,49.8442,1.3875,0.63868,-18.7467,0.013954,0.032888,52.192,0.9148,-0.06232,0.54672,13.856,0.10584,0.83967
"64","16PU-TW_Dfp03r3","2016_Juvenile_Chinook",221.469,12.8228,-0.097837,0.17252,11.4708,0.0058048,0.12101,138.957,45.7178,1.3875,0.63868,-20.0105,0.013954,0.032888,61.717,1.0266,-0.06232,0.54672,12.6573,0.10584,0.83967
"65","16PU-TW_Dfp04r1","2016_Juvenile_Chinook",152.115,11.8884,-0.097837,0.17252,11.5704,0.0058048,0.12101,101.556,45.1828,1.3875,0.63868,-20.2151,0.013954,0.032888,56.341,0.93534,-0.06232,0.54672,13.6135,0.10584,0.83967
"66","16PU-TW_Dfp04r2","2016_Juvenile_Chinook",206.623,13.0915,-0.097837,0.17252,10.2344,0.0058048,0.12101,138.629,49.9694,1.3875,0.63868,-24.5978,0.013954,0.032888,55.51,0.91592,-0.06232,0.54672,10.0368,0.10584,0.83967
"67","16PU-TW_Dfp04r3","2016_Juvenile_Chinook",149.067,11.8107,-0.097837,0.17252,11.4041,0.0058048,0.12101,107.886,48.7467,1.3875,0.63868,-20.5675,0.013954,0.032888,48.751,0.86098,-0.06232,0.54672,12.9607,0.10584,0.83967
"68","16PU-TW_Dfp05","2016_Juvenile_Chinook",179.322,13.0189,-0.097837,0.17252,11.4358,0.0058048,0.12101,115.14,47.532,1.3875,0.63868,-21.3908,0.013954,0.032888,50.092,0.90427,-0.06232,0.54672,13.6668,0.10584,0.83967
"69","16PU-TW_Dfp06r1","2016_Juvenile_Chinook",215.737,12.0919,-0.097837,0.17252,11.4327,0.0058048,0.12101,153.773,49.0721,1.3875,0.63868,-22.2161,0.013954,0.032888,61.972,0.99581,-0.041718,0.1494,12.2113,-0.18225,0.18161
"70","16PU-TW_Dfp06r2","2016_Juvenile_Chinook",208.604,12.7642,-0.097837,0.17252,12.5022,0.0058048,0.12101,128.776,44.7656,1.3875,0.63868,-19.2278,0.013954,0.032888,62.201,1.0442,-0.041718,0.1494,13.7151,-0.18225,0.18161
"71","16SKO-TW_Dfp01r1","2016_Juvenile_Chinook",179.044,12.3541,-0.097837,0.17252,11.0426,0.0058048,0.12101,113.037,44.3355,1.3875,0.63868,-19.3341,0.013954,0.032888,62.01,1.0193,-0.041718,0.1494,11.6046,-0.18225,0.18161
"72","16SKO-TW_Dfp01r2","2016_Juvenile_Chinook",181.434,12.6117,-0.097837,0.17252,11.6257,0.0058048,0.12101,118.394,46.8089,1.3875,0.63868,-18.844,0.013954,0.032888,61.744,1.0035,-0.041718,0.1494,12.5844,-0.18225,0.18161
"73","16SKO-TW_Dfp02r1","2016_Juvenile_Chinook",171.925,12.3103,-0.097837,0.17252,11.1371,0.0058048,0.12101,110.056,44.8091,1.3875,0.63868,-19.4718,0.013954,0.032888,63.895,1.0507,-0.041718,0.1494,11.4885,-0.18225,0.18161
"74","16SKO-TW_Dfp02r2","2016_Juvenile_Chinook",173.314,12.527,-0.097837,0.17252,11.49,0.0058048,0.12101,110.623,45.4624,1.3875,0.63868,-18.6708,0.013954,0.032888,58.06,0.93281,-0.041718,0.1494,12.4455,-0.18225,0.18161
"75","16SK-TW_Df01","2016_Juvenile_Chinook",167.444,12.6416,-0.14002,0.087286,13.2417,-0.10673,0.052582,106.937,44.2477,0.36017,1.8832,-18.0093,0.061567,0.035394,65.724,1.093,-0.041718,0.1494,14.5324,-0.18225,0.18161
"76","16SK-TW_Df02","2016_Juvenile_Chinook",228.444,12.9793,-0.14002,0.087286,12.0306,-0.10673,0.052582,148.964,46.3963,0.36017,1.8832,-20.7045,0.061567,0.035394,47.075,0.7958,-0.24246,0.1496,9.4032,-0.063085,0.33819
"77","16SK-TW_Df04","2016_Juvenile_Chinook",184.691,12.2769,-0.14002,0.087286,12.562,-0.10673,0.052582,116.726,42.5286,0.36017,1.8832,-22.9781,0.061567,0.035394,54.299,0.85179,-0.24246,0.1496,9.8348,-0.063085,0.33819
"78","16SK-TW_Df06","2016_Juvenile_Chinook",NA,NA,NA,NA,NA,NA,NA,NA,NA,NA,NA,NA,NA,NA,NA,NA,NA,NA,NA,NA,NA
"79","16SK-TW_Dp01","2016_Juvenile_Chinook",228.547,12.8145,-0.14002,0.087286,10.4922,-0.10673,0.052582,140.87,43.3008,0.36017,1.8832,-19.7099,0.061567,0.035394,57.763,0.94228,-0.24246,0.1496,9.6863,-0.063085,0.33819
"80","16SK-TW_Dp03","2016_Juvenile_Chinook",191.196,12.8643,-0.14002,0.087286,7.9578,-0.10673,0.052582,122.076,45.0212,0.36017,1.8832,-24.6452,0.061567,0.035394,52.467,0.84543,-0.24246,0.1496,3.335,-0.063085,0.33819
"81","16SK-TW_Dp05r1","2016_Juvenile_Chinook",235.498,12.4924,-0.14002,0.087286,8.2755,-0.10673,0.052582,149.896,43.5911,0.36017,1.8832,-24.0966,0.061567,0.035394,48.76,0.80713,-0.24246,0.1496,1.9034,-0.063085,0.33819
"82","16SK-TW_Dp05r2","2016_Juvenile_Chinook",163.15,12.6665,-0.14002,0.087286,7.7187,-0.10673,0.052582,105.576,44.9208,0.36017,1.8832,-23.9726,0.061567,0.035394,51.772,0.85122,-0.24246,0.1496,2.7741,-0.063085,0.33819
"83","16SK-TW_Tf01","2016_Juvenile_Chinook",253.494,12.8426,-0.14002,0.087286,16.8283,-0.10673,0.052582,176.363,48.9817,0.36017,1.8832,-18.4288,0.061567,0.035394,58.675,0.99981,0.30153,0.52416,15.5776,-0.15502,0.039959
"84","16SK-TW_Tp01","2016_Juvenile_Chinook",223.889,12.5083,-0.10174,0.077717,7.8221,-0.064749,0.097358,148.205,45.2,-0.29068,0.34262,-25.748,0.021164,0.048132,47.516,0.8119,0.30153,0.52416,1.26,-0.15502,0.039959
"85","16SN-TW_Df02r1","2016_Juvenile_Chinook",198.047,12.5871,-0.29239,0.25747,14.4715,-0.038155,0.044046,135.454,46.8403,-1.1437,1.1297,-20.3166,-0.0025834,0.047394,57.575,0.98999,0.25213,0.059466,13.4731,-0.15735,0.064371
"86","16SN-TW_Df02r2","2016_Juvenile_Chinook",173.539,12.6871,-0.29239,0.25747,12.251,-0.038155,0.044046,113.89,45.3824,-1.1437,1.1297,-21.9029,-0.0025834,0.047394,55.509,0.9684,0.25213,0.059466,11.9516,-0.15735,0.064371
"87","16SN-TW_Df09","2016_Juvenile_Chinook",167.372,12.2822,-0.10174,0.077717,13.3073,-0.064749,0.097358,112.921,45.2373,-0.29068,0.34262,-21.5891,0.021164,0.048132,52.77,0.68036,-0.24246,0.1496,10.5405,-0.063085,0.33819
"88","16SN-TW_Df11","2016_Juvenile_Chinook",NA,NA,NA,NA,NA,NA,NA,NA,NA,NA,NA,NA,NA,NA,NA,NA,NA,NA,NA,NA,NA
"89","16SN-TW_Dfp01r1","2016_Juvenile_Chinook",210.259,12.6919,-0.29239,0.25747,11.5225,-0.038155,0.044046,137.161,45.0364,-1.1437,1.1297,-20.1065,-0.0025834,0.047394,58.533,0.97316,0.25213,0.059466,10.8984,-0.15735,0.064371
"90","16SN-TW_Dfp01r2","2016_Juvenile_Chinook",189.25,12.0464,-0.29239,0.25747,11.1442,-0.038155,0.044046,129.301,44.8021,-1.1437,1.1297,-19.9668,-0.0025834,0.047394,55.823,0.92454,0.25213,0.059466,11.4902,-0.15735,0.064371
"91","16SN-TW_Dfp02r1","2016_Juvenile_Chinook",159.056,11.851,-0.29239,0.25747,11.3643,-0.038155,0.044046,103.324,42.0096,-1.1437,1.1297,-22.1874,-0.0025834,0.047394,57.824,1.0086,0.25213,0.059466,11.686,-0.15735,0.064371
"92","16SN-TW_Dfp02r2","2016_Juvenile_Chinook",175.107,12.6341,-0.14226,0.073505,10.8717,-0.049036,0.080155,114.558,45.1943,0.16677,0.32965,-22.8791,-0.024476,0.084732,59.641,0.97428,0.60833,0.17219,10.9389,-0.091715,0.090516
"93","16SN-TW_Dfp03","2016_Juvenile_Chinook",196.504,12.6102,-0.1596,0.042339,10.9741,-0.095815,0.10337,125.097,43.692,-0.1606,0.42908,-22.8979,0.04106,0.078446,62.838,0.96827,0.60833,0.17219,10.2115,-0.091715,0.090516
"94","16SN-TW_Dfp04r1","2016_Juvenile_Chinook",146.541,11.5573,-0.10174,0.077717,11.4997,-0.064749,0.097358,99.098,42.671,-0.29068,0.34262,-23.959,0.021164,0.048132,56.929,0.93539,0.30153,0.52416,9.5629,-0.15502,0.039959
"95","16SN-TW_Dfp04r2","2016_Juvenile_Chinook",173.557,11.7958,-0.10174,0.077717,11.1398,-0.064749,0.097358,110.542,41.0443,-0.29068,0.34262,-20.6088,0.021164,0.048132,59.958,0.97594,0.30153,0.52416,13.2128,-0.15502,0.039959
"96","16SN-TW_Dfp05r1","2016_Juvenile_Chinook",197.525,12.6953,-0.10174,0.077717,10.2429,-0.064749,0.097358,122.42,42.9902,-0.29068,0.34262,-22.9797,0.021164,0.048132,60.573,0.99091,0.30153,0.52416,10.794,-0.15502,0.039959
"97","16SN-TW_Dfp05r2","2016_Juvenile_Chinook",194.379,12.4334,-0.10174,0.077717,9.1257,-0.064749,0.097358,126.092,44.0453,-0.29068,0.34262,-23.7232,0.021164,0.048132,60.66,0.96224,0.30153,0.52416,7.8428,-0.15502,0.039959
"98","16SN-TW_Dfp06r1","2016_Juvenile_Chinook",NA,NA,NA,NA,NA,NA,NA,NA,NA,NA,NA,NA,NA,NA,NA,NA,NA,NA,NA,NA,NA
"99","16SN-TW_Dfp06r2","2016_Juvenile_Chinook",191.265,12.0926,-0.1596,0.042339,9.3474,-0.095815,0.10337,125.132,43.0637,-0.1606,0.42908,-24.4166,0.04106,0.078446,55.176,0.95632,0.60833,0.17219,8.4855,-0.091715,0.090516
"100","16SN-TW_Dfp06r3","2016_Juvenile_Chinook",172.94,12.2023,-0.10174,0.077717,8.3389,-0.064749,0.097358,117.518,45.2613,-0.29068,0.34262,-23.4614,0.021164,0.048132,54.702,0.93012,0.30153,0.52416,9.7343,-0.15502,0.039959
"101","16SN-TW_Dfp06r4","2016_Juvenile_Chinook",172.33,12.3389,-0.10174,0.077717,7.2841,-0.064749,0.097358,119.644,46.7485,-0.29068,0.34262,-24.7938,0.021164,0.048132,54.988,0.9276,0.30153,0.52416,8.8143,-0.15502,0.039959
"102","16SN-TW_Dfp06r5","2016_Juvenile_Chinook",174.041,12.4371,-0.10174,0.077717,7.6495,-0.064749,0.097358,119.296,46.5286,-0.29068,0.34262,-23.662,0.021164,0.048132,56.844,0.97095,0.30153,0.52416,9.8859,-0.15502,0.039959
"103","16SN-TW_Dfp06r6","2016_Juvenile_Chinook",193.27,11.988,-0.10174,0.077717,7.0294,-0.064749,0.097358,123.495,41.8392,-0.29068,0.34262,-26.2146,0.021164,0.048132,58.677,0.97706,0.30153,0.52416,9.1717,-0.15502,0.039959
"104","16SN-TW_Dfp06r7","2016_Juvenile_Chinook",211.312,12.749,-0.10174,0.077717,8.4686,-0.064749,0.097358,135.673,44.7013,-0.29068,0.34262,-22.8864,0.021164,0.048132,56.557,0.93274,0.30153,0.52416,5.715,-0.15502,0.039959
"105","16SN-TW_Dfp07r1","2016_Juvenile_Chinook",165.615,11.4221,-0.10174,0.077717,11.3836,-0.064749,0.097358,108.176,40.7475,-0.29068,0.34262,-23.8216,0.021164,0.048132,55.496,0.87843,-0.24246,0.1496,9.3848,-0.063085,0.33819
"106","16SN-TW_Dfp07r2","2016_Juvenile_Chinook",168.563,11.8971,-0.10174,0.077717,7.9223,-0.064749,0.097358,115.762,44.5936,-0.29068,0.34262,-24.8922,0.021164,0.048132,53.382,0.86805,-0.24246,0.1496,7.7544,-0.063085,0.33819
"107","16SN-TW_Dfp07r3","2016_Juvenile_Chinook",160.338,11.5973,-0.10174,0.077717,7.8587,-0.064749,0.097358,114.036,44.9989,-0.29068,0.34262,-25.6266,0.021164,0.048132,52.834,0.85205,-0.24246,0.1496,8.5685,-0.063085,0.33819
"108","16SN-TW_Dfp07r4","2016_Juvenile_Chinook",206.355,12.9148,-0.10174,0.077717,8.4395,-0.064749,0.097358,136.39,46.6019,-0.29068,0.34262,-24.9453,0.021164,0.048132,57.969,0.9025,-0.24246,0.1496,7.2384,-0.063085,0.33819
"109","16SN-TW_Dfp08r1","2016_Juvenile_Chinook",NA,NA,NA,NA,NA,NA,NA,NA,NA,NA,NA,NA,NA,NA,NA,NA,NA,NA,NA,NA,NA
"110","16SN-TW_Dfp08r2","2016_Juvenile_Chinook",157.367,12.2504,-0.10174,0.077717,9.4048,-0.064749,0.097358,104.087,44.2496,-0.29068,0.34262,-24.0012,0.021164,0.048132,53.397,0.83875,-0.24246,0.1496,6.1187,-0.063085,0.33819
"111","16SN-TW_Dfp08r3","2016_Juvenile_Chinook",171.147,12.6754,-0.10174,0.077717,8.7139,-0.064749,0.097358,112.198,45.3796,-0.29068,0.34262,-25.2474,0.021164,0.048132,54.104,0.85246,-0.24246,0.1496,3.8431,-0.063085,0.33819
"112","16SN-TW_Dfp09r1","2016_Juvenile_Chinook",NA,NA,NA,NA,NA,NA,NA,NA,NA,NA,NA,NA,NA,NA,NA,NA,NA,NA,NA,NA,NA
"113","16SN-TW_Dfp09r2","2016_Juvenile_Chinook",NA,NA,NA,NA,NA,NA,NA,NA,NA,NA,NA,NA,NA,NA,NA,NA,NA,NA,NA,NA,NA
"114","16SN-TW_Dfp09r3","2016_Juvenile_Chinook",187.915,11.9066,-0.10174,0.077717,9.6751,-0.064749,0.097358,138.684,47.9182,-0.29068,0.34262,-24.8119,0.021164,0.048132,53.311,0.85636,-0.24246,0.1496,4.1314,-0.063085,0.33819
"115","16SN-TW_Dfp09r4","2016_Juvenile_Chinook",174.635,13.0317,0.15292,0.47969,8.6909,-0.10138,0.068495,119.001,48.4666,0.90974,2.0745,-25.0337,0.023428,0.0425,53.034,0.8474,-0.24246,0.1496,3.2746,-0.063085,0.33819
"116","16SN-TW_Dfp09r5","2016_Juvenile_Chinook",166.959,13.0574,0.15292,0.47969,9.2975,-0.10138,0.068495,114.421,48.8368,0.90974,2.0745,-24.8159,0.023428,0.0425,51.112,0.82302,-0.24246,0.1496,3.3942,-0.063085,0.33819
"117","16SN-TW_Dfp11r1","2016_Juvenile_Chinook",202.875,13.1895,0.15292,0.47969,10.6687,-0.10138,0.068495,129.803,46.0335,0.90974,2.0745,-23.2679,0.023428,0.0425,55.296,0.87614,-0.24246,0.1496,7.1451,-0.063085,0.33819
"118","16SN-TW_Dfp11r2","2016_Juvenile_Chinook",179.655,13.8328,0.15292,0.47969,8.7723,-0.10138,0.068495,113.074,47.4492,0.90974,2.0745,-24.0068,0.023428,0.0425,53.764,0.88999,-0.24246,0.1496,4.5201,-0.063085,0.33819
"119","16SN-TW_Dfp11r3","2016_Juvenile_Chinook",154.328,12.6969,0.15292,0.47969,8.9225,-0.10138,0.068495,103.867,46.6026,0.90974,2.0745,-24.0098,0.023428,0.0425,50.661,0.84339,-0.24246,0.1496,3.8129,-0.063085,0.33819
"120","16SN-TW_Dp01r1","2016_Juvenile_Chinook",184.916,11.158,-0.29239,0.25747,11.2581,-0.038155,0.044046,122.443,40.2379,-1.1437,1.1297,-19.0741,-0.0025834,0.047394,55.276,0.92729,0.25213,0.059466,11.9473,-0.15735,0.064371
"121","16SN-TW_Dp01r2","2016_Juvenile_Chinook",186.327,12.2673,-0.29239,0.25747,11.2673,-0.038155,0.044046,127.855,45.8274,-1.1437,1.1297,-19.24,-0.0025834,0.047394,55.981,0.91694,0.25213,0.059466,12.1073,-0.15735,0.064371
"122","16SN-TW_Dp01r3","2016_Juvenile_Chinook",191.984,10.7704,-0.1151,0.14484,11.5655,-0.038889,0.082884,130.861,40.6997,0.18197,0.61283,-19.2254,-0.021098,0.035562,50.792,0.85523,0.25213,0.059466,11.9933,-0.15735,0.064371
"123","16SN-TW_Dp02","2016_Juvenile_Chinook",135.434,10.4713,-0.14226,0.073505,11.53,-0.049036,0.080155,88.311,37.3155,0.16677,0.32965,-18.9116,-0.024476,0.084732,58.031,0.9731,0.60833,0.17219,11.9073,-0.091715,0.090516
"124","16SN-TW_Dp03r1","2016_Juvenile_Chinook",164.212,11.5102,-0.10174,0.077717,10.8138,-0.064749,0.097358,112.977,43.2208,-0.29068,0.34262,-20.8757,0.021164,0.048132,56.331,0.91217,0.30153,0.52416,11.5473,-0.15502,0.039959
"125","16SN-TW_Dp03r2","2016_Juvenile_Chinook",198.849,11.1062,-0.10174,0.077717,10.723,-0.064749,0.097358,136.294,41.544,-0.29068,0.34262,-19.7369,0.021164,0.048132,58.411,0.94442,0.30153,0.52416,9.7983,-0.15502,0.039959
"126","16SN-TW_Dp04","2016_Juvenile_Chinook",157.88,11.1929,-0.10174,0.077717,10.8703,-0.064749,0.097358,112.933,43.6763,-0.29068,0.34262,-19.7088,0.021164,0.048132,53.633,0.90502,0.30153,0.52416,12.6691,-0.15502,0.039959
"127","16SN-TW_Dp05","2016_Juvenile_Chinook",142.38,10.7966,-0.10174,0.077717,10.31,-0.064749,0.097358,106.806,44.1528,-0.29068,0.34262,-20.4071,0.021164,0.048132,50.04,0.84932,0.30153,0.52416,9.1495,-0.15502,0.039959
"128","16SN-TW_Dp06r1","2016_Juvenile_Chinook",182.088,12.1425,-0.1596,0.042339,10.4817,-0.095815,0.10337,125.342,45.5083,-0.1606,0.42908,-20.1409,0.04106,0.078446,56.895,0.94514,0.60833,0.17219,8.8595,-0.091715,0.090516
"129","16SN-TW_Dp06r2","2016_Juvenile_Chinook",157.056,12.8972,-0.10174,0.077717,10.458,-0.064749,0.097358,98.321,44.128,-0.29068,0.34262,-21.1877,0.021164,0.048132,54.562,0.87968,-0.24246,0.1496,8.5366,-0.063085,0.33819
"130","16SN-TW_Dp07r1","2016_Juvenile_Chinook",217.221,12.726,-0.10174,0.077717,10.1207,-0.064749,0.097358,140.206,44.8531,-0.29068,0.34262,-22.9527,0.021164,0.048132,58.211,0.92189,-0.24246,0.1496,8.4221,-0.063085,0.33819
"131","16SN-TW_Dp09","2016_Juvenile_Chinook",187.259,12.4911,0.15292,0.47969,10.0324,-0.10138,0.068495,122.322,44.5104,0.90974,2.0745,-21.8534,0.023428,0.0425,53.874,0.85263,-0.24246,0.1496,5.5789,-0.063085,0.33819
"132","16SN-TW_Dp11r1","2016_Juvenile_Chinook",223.216,13.7793,0.15292,0.47969,10.0772,-0.10138,0.068495,140.292,47.2471,0.90974,2.0745,-21.8634,0.023428,0.0425,54.84,0.85617,-0.24246,0.1496,7.1289,-0.063085,0.33819
"133","16SN-TW_Dp11r2","2016_Juvenile_Chinook",168.299,13.949,0.15292,0.47969,9.3298,-0.10138,0.068495,101.564,45.8181,0.90974,2.0745,-22.9326,0.023428,0.0425,55.965,0.89808,-0.24246,0.1496,5.2133,-0.063085,0.33819
"134","16SN-TW_Dp4093","2016_Juvenile_Chinook",NA,NA,NA,NA,NA,NA,NA,NA,NA,NA,NA,NA,NA,NA,NA,NA,NA,NA,NA,NA,NA
"135","16SN-TW_Dp4839","2016_Juvenile_Chinook",176.89,11.2343,-0.1596,0.042339,11.7035,-0.095815,0.10337,115.383,39.8788,-0.1606,0.42908,-22.5556,0.04106,0.078446,50.411,0.85146,0.60833,0.17219,11.4373,-0.091715,0.090516
"136","16SN-TW_Dp4846","2016_Juvenile_Chinook",NA,NA,NA,NA,NA,NA,NA,NA,NA,NA,NA,NA,NA,NA,NA,NA,NA,NA,NA,NA,NA
"137","16SN-TW_Tf01","2016_Juvenile_Chinook",225.021,13.494,0.15292,0.47969,14.8088,-0.10138,0.068495,157.159,51.5009,0.90974,2.0745,-19.951,0.023428,0.0425,53.89,0.87555,-0.24246,0.1496,12.041,-0.063085,0.33819
"138","16SN-TW_Tf02","2016_Juvenile_Chinook",NA,NA,NA,NA,NA,NA,NA,NA,NA,NA,NA,NA,NA,NA,NA,NA,NA,NA,NA,NA,NA
"139","16SN-TW_Tp02","2016_Juvenile_Chinook",162.795,12.8714,0.15292,0.47969,7.3628,-0.10138,0.068495,111.427,48.0745,0.90974,2.0745,-26.2886,0.023428,0.0425,50.085,0.81621,-0.24246,0.1496,4.5915,-0.063085,0.33819
"140","16ST-TW_Dfp01r1","2016_Juvenile_Chinook",NA,NA,NA,NA,NA,NA,NA,NA,NA,NA,NA,NA,NA,NA,NA,NA,NA,NA,NA,NA,NA
"141","16ST-TW_Dfp01r2","2016_Juvenile_Chinook",165.647,13.0981,-0.14002,0.087286,12.6747,-0.10673,0.052582,97.225,42.1376,0.36017,1.8832,-17.2402,0.061567,0.035394,56.939,0.9614,-0.041718,0.1494,13.783,-0.18225,0.18161
"142","16ST-TW_Dfp02","2016_Juvenile_Chinook",170.482,11.1794,-0.14002,0.087286,11.6162,-0.10673,0.052582,119.341,42.8868,0.36017,1.8832,-20.357,0.061567,0.035394,49.832,0.8395,-0.041718,0.1494,12.2185,-0.18225,0.18161
"143","16ST-TW_Dfp03","2016_Juvenile_Chinook",193.387,12.1199,-0.14002,0.087286,11.6335,-0.10673,0.052582,131.215,45.073,0.36017,1.8832,-20.5724,0.061567,0.035394,51.254,0.85234,-0.041718,0.1494,10.9348,-0.18225,0.18161
"144","16ST-TW_Dfp04r2","2016_Juvenile_Chinook",189.018,11.7318,-0.14002,0.087286,11.6471,-0.10673,0.052582,127.165,43.2597,0.36017,1.8832,-20.676,0.061567,0.035394,55.164,0.91944,-0.041718,0.1494,11.1786,-0.18225,0.18161
"145","16ST-TW_Hp01","2016_Juvenile_Chinook",135.052,9.5272,-0.14002,0.087286,11.9037,-0.10673,0.052582,117.143,45.2647,0.36017,1.8832,-20.867,0.061567,0.035394,44.924,0.75903,-0.041718,0.1494,13.0708,-0.18225,0.18161
"146","16ST-TW_Nfp01","2016_Juvenile_Chinook",161.622,12.4725,-0.14002,0.087286,12.1458,-0.10673,0.052582,102.877,43.5099,0.36017,1.8832,-18.5731,0.061567,0.035394,55.83,0.92138,-0.041718,0.1494,12.6568,-0.18225,0.18161
"147","16ST-TW_Nfp02","2016_Juvenile_Chinook",217.401,12.8865,-0.14002,0.087286,12.058,-0.10673,0.052582,133.266,43.3044,0.36017,1.8832,-18.5375,0.061567,0.035394,60.094,0.99755,-0.041718,0.1494,12.8335,-0.18225,0.18161
"148","16ST-TW_Nfp03","2016_Juvenile_Chinook",185.546,12.1033,-0.14002,0.087286,11.436,-0.10673,0.052582,118.558,42.3887,0.36017,1.8832,-18.8017,0.061567,0.035394,54.078,0.91705,-0.041718,0.1494,12.488,-0.18225,0.18161
"149","16ST-TW_Nfp04","2016_Juvenile_Chinook",236.456,12.206,-0.14002,0.087286,12.2955,-0.10673,0.052582,148.888,42.1342,0.36017,1.8832,-18.9094,0.061567,0.035394,60.419,1.0243,-0.041718,0.1494,13.8579,-0.18225,0.18161
"150","16ST-TW_Tp01","2016_Juvenile_Chinook",135.64,10.2454,-0.14002,0.087286,9.6331,-0.10673,0.052582,91.287,37.7792,0.36017,1.8832,-21.9764,0.061567,0.035394,51.435,0.87779,-0.041718,0.1494,4.6771,-0.18225,0.18161
